YEAR,MONTH,STATE,TOTAL_CANCELLED
2013,1,Alabama,15
2013,1,Alaska,12
2013,1,Arizona,48
2013,1,Arkansas,15
2013,1,California,144
2013,1,Colorado,153
2013,1,Connecticut,24
2013,1,Florida,30
2013,1,Georgia,301
2013,1,Hawaii,49
2013,1,Idaho,10
2013,1,Illinois,604
2013,1,Indiana,23
2013,1,Iowa,29
2013,1,Kansas,15
2013,1,Kentucky,78
2013,1,Louisiana,27
2013,1,Maine,10
2013,1,Maryland,53
2013,1,Massachusetts,83
2013,1,Michigan,236
2013,1,Minnesota,211
2013,1,Mississippi,14
2013,1,Missouri,53
2013,1,Montana,5
2013,1,Nebraska,33
2013,1,Nevada,44
2013,1,New Hampshire,23
2013,1,New Jersey,240
2013,1,New York,132
2013,1,North Carolina,119
2013,1,North Dakota,20
2013,1,Ohio,49
2013,1,Oklahoma,24
2013,1,Oregon,54
2013,1,Pennsylvania,77
2013,1,Rhode Island,5
2013,1,South Carolina,15
2013,1,South Dakota,25
2013,1,Tennessee,75
2013,1,Texas,512
2013,1,Utah,204
2013,1,Vermont,7
2013,1,Virginia,122
2013,1,Washington,44
2013,1,West Virginia,11
2013,1,Wisconsin,33
2013,1,Wyoming,5
2013,2,Alabama,16
2013,2,Alaska,9
2013,2,Arizona,103
2013,2,Arkansas,32
2013,2,California,195
2013,2,Colorado,479
2013,2,Connecticut,117
2013,2,Florida,126
2013,2,Georgia,309
2013,2,Hawaii,29
2013,2,Idaho,11
2013,2,Illinois,1336
2013,2,Indiana,45
2013,2,Iowa,55
2013,2,Kansas,87
2013,2,Kentucky,92
2013,2,Louisiana,30
2013,2,Maine,26
2013,2,Maryland,149
2013,2,Massachusetts,470
2013,2,Michigan,257
2013,2,Minnesota,182
2013,2,Mississippi,8
2013,2,Missouri,174
2013,2,Montana,3
2013,2,Nebraska,51
2013,2,Nevada,79
2013,2,New Hampshire,46
2013,2,New Jersey,510
2013,2,New York,468
2013,2,North Carolina,181
2013,2,North Dakota,45
2013,2,Ohio,105
2013,2,Oklahoma,56
2013,2,Oregon,20
2013,2,Pennsylvania,120
2013,2,Rhode Island,75
2013,2,South Carolina,40
2013,2,South Dakota,18
2013,2,Tennessee,92
2013,2,Texas,392
2013,2,Utah,83
2013,2,Vermont,24
2013,2,Virginia,218
2013,2,Washington,37
2013,2,West Virginia,15
2013,2,Wisconsin,72
2013,2,Wyoming,2
2013,3,Alabama,19
2013,3,Alaska,10
2013,3,Arizona,88
2013,3,Arkansas,18
2013,3,California,183
2013,3,Colorado,502
2013,3,Connecticut,35
2013,3,Florida,77
2013,3,Georgia,385
2013,3,Hawaii,32
2013,3,Idaho,9
2013,3,Illinois,790
2013,3,Indiana,67
2013,3,Iowa,32
2013,3,Kansas,17
2013,3,Kentucky,99
2013,3,Louisiana,24
2013,3,Maine,18
2013,3,Maryland,164
2013,3,Massachusetts,234
2013,3,Michigan,195
2013,3,Minnesota,212
2013,3,Mississippi,7
2013,3,Missouri,101
2013,3,Montana,6
2013,3,Nebraska,52
2013,3,Nevada,58
2013,3,New Hampshire,15
2013,3,New Jersey,373
2013,3,New York,226
2013,3,North Carolina,134
2013,3,North Dakota,30
2013,3,Ohio,70
2013,3,Oklahoma,28
2013,3,Oregon,14
2013,3,Pennsylvania,111
2013,3,Rhode Island,19
2013,3,South Carolina,38
2013,3,South Dakota,14
2013,3,Tennessee,71
2013,3,Texas,192
2013,3,Utah,46
2013,3,Vermont,15
2013,3,Virginia,285
2013,3,Washington,33
2013,3,West Virginia,15
2013,3,Wisconsin,54
2013,3,Wyoming,4
2013,4,Alabama,25
2013,4,Alaska,11
2013,4,Arizona,72
2013,4,Arkansas,40
2013,4,California,235
2013,4,Colorado,418
2013,4,Connecticut,26
2013,4,Florida,49
2013,4,Georgia,190
2013,4,Hawaii,54
2013,4,Idaho,9
2013,4,Illinois,1602
2013,4,Indiana,41
2013,4,Iowa,56
2013,4,Kansas,31
2013,4,Kentucky,112
2013,4,Louisiana,33
2013,4,Maine,10
2013,4,Maryland,60
2013,4,Massachusetts,89
2013,4,Michigan,261
2013,4,Minnesota,268
2013,4,Mississippi,22
2013,4,Missouri,60
2013,4,Montana,7
2013,4,Nebraska,49
2013,4,Nevada,54
2013,4,New Hampshire,10
2013,4,New Jersey,274
2013,4,New York,230
2013,4,North Carolina,113
2013,4,North Dakota,44
2013,4,Ohio,92
2013,4,Oklahoma,40
2013,4,Oregon,20
2013,4,Pennsylvania,86
2013,4,Rhode Island,8
2013,4,South Carolina,41
2013,4,South Dakota,48
2013,4,Tennessee,93
2013,4,Texas,595
2013,4,Utah,55
2013,4,Vermont,10
2013,4,Virginia,133
2013,4,Washington,37
2013,4,West Virginia,8
2013,4,Wisconsin,51
2013,4,Wyoming,2
2013,5,Alabama,7
2013,5,Alaska,4
2013,5,Arizona,53
2013,5,Arkansas,23
2013,5,California,132
2013,5,Colorado,112
2013,5,Connecticut,14
2013,5,Florida,19
2013,5,Georgia,145
2013,5,Hawaii,89
2013,5,Idaho,6
2013,5,Illinois,715
2013,5,Indiana,24
2013,5,Iowa,22
2013,5,Kansas,16
2013,5,Kentucky,61
2013,5,Louisiana,25
2013,5,Maine,12
2013,5,Maryland,44
2013,5,Massachusetts,60
2013,5,Michigan,129
2013,5,Minnesota,82
2013,5,Mississippi,8
2013,5,Missouri,60
2013,5,Montana,1
2013,5,Nebraska,19
2013,5,Nevada,51
2013,5,New Hampshire,10
2013,5,New Jersey,258
2013,5,New York,138
2013,5,North Carolina,91
2013,5,North Dakota,14
2013,5,Ohio,37
2013,5,Oklahoma,48
2013,5,Oregon,18
2013,5,Pennsylvania,64
2013,5,Rhode Island,11
2013,5,South Carolina,27
2013,5,South Dakota,18
2013,5,Tennessee,51
2013,5,Texas,561
2013,5,Utah,22
2013,5,Vermont,7
2013,5,Virginia,95
2013,5,Washington,20
2013,5,West Virginia,4
2013,5,Wisconsin,40
2013,5,Wyoming,1
2013,6,Alabama,22
2013,6,Alaska,18
2013,6,Arizona,143
2013,6,Arkansas,29
2013,6,California,215
2013,6,Colorado,157
2013,6,Connecticut,22
2013,6,Florida,59
2013,6,Georgia,459
2013,6,Hawaii,24
2013,6,Idaho,12
2013,6,Illinois,1025
2013,6,Indiana,44
2013,6,Iowa,46
2013,6,Kansas,21
2013,6,Kentucky,96
2013,6,Louisiana,32
2013,6,Maine,20
2013,6,Maryland,111
2013,6,Massachusetts,121
2013,6,Michigan,295
2013,6,Minnesota,104
2013,6,Mississippi,21
2013,6,Missouri,79
2013,6,Montana,2
2013,6,Nebraska,27
2013,6,Nevada,77
2013,6,New Hampshire,30
2013,6,New Jersey,392
2013,6,New York,317
2013,6,North Carolina,217
2013,6,North Dakota,16
2013,6,Ohio,88
2013,6,Oklahoma,45
2013,6,Oregon,20
2013,6,Pennsylvania,137
2013,6,Rhode Island,27
2013,6,South Carolina,35
2013,6,South Dakota,18
2013,6,Tennessee,95
2013,6,Texas,413
2013,6,Utah,49
2013,6,Vermont,28
2013,6,Virginia,195
2013,6,Washington,44
2013,6,West Virginia,8
2013,6,Wisconsin,57
2013,7,Alabama,26
2013,7,Alaska,11
2013,7,Arizona,111
2013,7,Arkansas,10
2013,7,California,326
2013,7,Colorado,151
2013,7,Connecticut,11
2013,7,Florida,67
2013,7,Georgia,464
2013,7,Hawaii,59
2013,7,Idaho,6
2013,7,Illinois,462
2013,7,Indiana,44
2013,7,Iowa,22
2013,7,Kansas,12
2013,7,Kentucky,111
2013,7,Louisiana,38
2013,7,Maine,22
2013,7,Maryland,84
2013,7,Massachusetts,149
2013,7,Michigan,363
2013,7,Minnesota,150
2013,7,Mississippi,12
2013,7,Missouri,60
2013,7,Montana,3
2013,7,Nebraska,36
2013,7,Nevada,97
2013,7,New Hampshire,9
2013,7,New Jersey,305
2013,7,New York,275
2013,7,North Carolina,213
2013,7,North Dakota,4
2013,7,Ohio,76
2013,7,Oklahoma,30
2013,7,Oregon,39
2013,7,Pennsylvania,120
2013,7,Rhode Island,17
2013,7,South Carolina,36
2013,7,South Dakota,10
2013,7,Tennessee,80
2013,7,Texas,471
2013,7,Utah,45
2013,7,Vermont,18
2013,7,Virginia,167
2013,7,Washington,43
2013,7,West Virginia,11
2013,7,Wisconsin,39
2013,7,Wyoming,3
2013,8,Alabama,19
2013,8,Alaska,17
2013,8,Arizona,87
2013,8,Arkansas,18
2013,8,California,178
2013,8,Colorado,108
2013,8,Connecticut,19
2013,8,Delaware,2
2013,8,Florida,26
2013,8,Georgia,164
2013,8,Hawaii,45
2013,8,Idaho,6
2013,8,Illinois,450
2013,8,Indiana,31
2013,8,Iowa,18
2013,8,Kansas,17
2013,8,Kentucky,70
2013,8,Louisiana,27
2013,8,Maine,4
2013,8,Maryland,22
2013,8,Massachusetts,53
2013,8,Michigan,123
2013,8,Minnesota,61
2013,8,Mississippi,8
2013,8,Missouri,31
2013,8,Montana,1
2013,8,Nebraska,30
2013,8,Nevada,55
2013,8,New Hampshire,7
2013,8,New Jersey,180
2013,8,New York,115
2013,8,North Carolina,100
2013,8,North Dakota,7
2013,8,Ohio,36
2013,8,Oklahoma,16
2013,8,Oregon,14
2013,8,Pennsylvania,54
2013,8,Rhode Island,7
2013,8,South Carolina,23
2013,8,South Dakota,9
2013,8,Tennessee,60
2013,8,Texas,331
2013,8,Utah,60
2013,8,Vermont,9
2013,8,Virginia,92
2013,8,Washington,25
2013,8,West Virginia,6
2013,8,Wisconsin,31
2013,8,Wyoming,2
2013,9,Alabama,9
2013,9,Alaska,8
2013,9,Arizona,50
2013,9,Arkansas,13
2013,9,California,166
2013,9,Colorado,62
2013,9,Connecticut,11
2013,9,Florida,23
2013,9,Georgia,67
2013,9,Hawaii,13
2013,9,Idaho,6
2013,9,Illinois,477
2013,9,Indiana,17
2013,9,Iowa,15
2013,9,Kansas,12
2013,9,Kentucky,46
2013,9,Louisiana,21
2013,9,Maine,7
2013,9,Maryland,97
2013,9,Massachusetts,78
2013,9,Michigan,88
2013,9,Minnesota,50
2013,9,Mississippi,3
2013,9,Missouri,18
2013,9,Nebraska,10
2013,9,Nevada,43
2013,9,New Hampshire,12
2013,9,New Jersey,158
2013,9,New York,134
2013,9,North Carolina,90
2013,9,North Dakota,8
2013,9,Ohio,47
2013,9,Oklahoma,10
2013,9,Oregon,16
2013,9,Pennsylvania,43
2013,9,Rhode Island,11
2013,9,South Carolina,13
2013,9,South Dakota,5
2013,9,Tennessee,50
2013,9,Texas,191
2013,9,Utah,12
2013,9,Vermont,9
2013,9,Virginia,84
2013,9,Washington,26
2013,9,West Virginia,6
2013,9,Wisconsin,23
2013,10,Alabama,8
2013,10,Alaska,4
2013,10,Arizona,45
2013,10,Arkansas,11
2013,10,California,139
2013,10,Colorado,78
2013,10,Connecticut,8
2013,10,Florida,3
2013,10,Georgia,55
2013,10,Hawaii,11
2013,10,Idaho,1
2013,10,Illinois,226
2013,10,Indiana,16
2013,10,Iowa,15
2013,10,Kansas,6
2013,10,Kentucky,32
2013,10,Louisiana,8
2013,10,Maine,8
2013,10,Maryland,12
2013,10,Massachusetts,29
2013,10,Michigan,56
2013,10,Minnesota,62
2013,10,Mississippi,1
2013,10,Missouri,16
2013,10,Nebraska,12
2013,10,Nevada,27
2013,10,New Hampshire,2
2013,10,New Jersey,92
2013,10,New York,56
2013,10,North Carolina,115
2013,10,North Dakota,5
2013,10,Ohio,25
2013,10,Oklahoma,12
2013,10,Oregon,29
2013,10,Pennsylvania,26
2013,10,Rhode Island,5
2013,10,South Carolina,11
2013,10,South Dakota,5
2013,10,Tennessee,28
2013,10,Texas,166
2013,10,Utah,25
2013,10,Vermont,4
2013,10,Virginia,49
2013,10,Washington,26
2013,10,West Virginia,1
2013,10,Wisconsin,19
2013,11,Alabama,11
2013,11,Alaska,19
2013,11,Arizona,78
2013,11,Arkansas,22
2013,11,California,309
2013,11,Colorado,128
2013,11,Connecticut,17
2013,11,Florida,25
2013,11,Georgia,69
2013,11,Hawaii,15
2013,11,Idaho,3
2013,11,Illinois,379
2013,11,Indiana,13
2013,11,Iowa,17
2013,11,Kansas,12
2013,11,Kentucky,27
2013,11,Louisiana,16
2013,11,Maine,1
2013,11,Maryland,19
2013,11,Massachusetts,58
2013,11,Michigan,83
2013,11,Minnesota,42
2013,11,Mississippi,11
2013,11,Missouri,19
2013,11,Nebraska,26
2013,11,Nevada,98
2013,11,New Hampshire,4
2013,11,New Jersey,84
2013,11,New York,56
2013,11,North Carolina,144
2013,11,North Dakota,13
2013,11,Ohio,28
2013,11,Oklahoma,33
2013,11,Oregon,29
2013,11,Pennsylvania,47
2013,11,Rhode Island,6
2013,11,South Carolina,17
2013,11,South Dakota,4
2013,11,Tennessee,31
2013,11,Texas,683
2013,11,Utah,25
2013,11,Vermont,10
2013,11,Virginia,54
2013,11,Washington,33
2013,11,West Virginia,5
2013,11,Wisconsin,28
2013,11,Wyoming,1
2013,12,Alabama,26
2013,12,Alaska,18
2013,12,Arizona,128
2013,12,Arkansas,117
2013,12,California,219
2013,12,Colorado,346
2013,12,Connecticut,60
2013,12,Florida,107
2013,12,Georgia,308
2013,12,Hawaii,28
2013,12,Idaho,11
2013,12,Illinois,1089
2013,12,Indiana,69
2013,12,Iowa,57
2013,12,Kansas,45
2013,12,Kentucky,141
2013,12,Louisiana,47
2013,12,Maine,24
2013,12,Maryland,139
2013,12,Massachusetts,216
2013,12,Michigan,193
2013,12,Minnesota,196
2013,12,Mississippi,38
2013,12,Missouri,94
2013,12,Montana,6
2013,12,Nebraska,49
2013,12,Nevada,94
2013,12,New Hampshire,15
2013,12,New Jersey,484
2013,12,New York,237
2013,12,North Carolina,184
2013,12,North Dakota,33
2013,12,Ohio,106
2013,12,Oklahoma,91
2013,12,Oregon,49
2013,12,Pennsylvania,198
2013,12,Rhode Island,21
2013,12,South Carolina,43
2013,12,South Dakota,31
2013,12,Tennessee,144
2013,12,Texas,2643
2013,12,Utah,243
2013,12,Vermont,28
2013,12,Virginia,217
2013,12,Washington,55
2013,12,West Virginia,18
2013,12,Wisconsin,99
2013,12,Wyoming,9
2014,1,Alabama,123
2014,1,Alaska,19
2014,1,Arizona,213
2014,1,Arkansas,111
2014,1,California,446
2014,1,Colorado,716
2014,1,Connecticut,149
2014,1,Florida,380
2014,1,Georgia,2418
2014,1,Hawaii,13
2014,1,Idaho,12
2014,1,Illinois,3596
2014,1,Indiana,279
2014,1,Iowa,114
2014,1,Kansas,96
2014,1,Kentucky,128
2014,1,Louisiana,269
2014,1,Maine,41
2014,1,Maryland,409
2014,1,Massachusetts,696
2014,1,Michigan,608
2014,1,Minnesota,338
2014,1,Mississippi,66
2014,1,Missouri,325
2014,1,Montana,9
2014,1,Nebraska,160
2014,1,Nevada,217
2014,1,New Hampshire,58
2014,1,New Jersey,1041
2014,1,New York,949
2014,1,North Carolina,401
2014,1,North Dakota,65
2014,1,Ohio,483
2014,1,Oklahoma,114
2014,1,Oregon,96
2014,1,Pennsylvania,377
2014,1,Rhode Island,90
2014,1,South Carolina,130
2014,1,South Dakota,81
2014,1,Tennessee,340
2014,1,Texas,735
2014,1,Utah,117
2014,1,Vermont,50
2014,1,Virginia,408
2014,1,Washington,122
2014,1,West Virginia,51
2014,1,Wisconsin,218
2014,1,Wyoming,14
2014,2,Alabama,65
2014,2,Alaska,14
2014,2,Arizona,157
2014,2,Arkansas,56
2014,2,California,391
2014,2,Colorado,401
2014,2,Connecticut,149
2014,2,Florida,278
2014,2,Georgia,2230
2014,2,Hawaii,10
2014,2,Idaho,10
2014,2,Illinois,1399
2014,2,Indiana,128
2014,2,Iowa,64
2014,2,Kansas,43
2014,2,Kentucky,104
2014,2,Louisiana,109
2014,2,Maine,46
2014,2,Maryland,452
2014,2,Massachusetts,593
2014,2,Michigan,281
2014,2,Minnesota,257
2014,2,Mississippi,47
2014,2,Missouri,167
2014,2,Montana,4
2014,2,Nebraska,63
2014,2,Nevada,191
2014,2,New Hampshire,64
2014,2,New Jersey,1293
2014,2,New York,555
2014,2,North Carolina,802
2014,2,North Dakota,21
2014,2,Ohio,223
2014,2,Oklahoma,67
2014,2,Oregon,97
2014,2,Pennsylvania,429
2014,2,Rhode Island,75
2014,2,South Carolina,77
2014,2,South Dakota,28
2014,2,Tennessee,226
2014,2,Texas,1338
2014,2,Utah,76
2014,2,Vermont,33
2014,2,Virginia,508
2014,2,Washington,92
2014,2,West Virginia,34
2014,2,Wisconsin,121
2014,2,Wyoming,9
2014,3,Alabama,19
2014,3,Alaska,7
2014,3,Arizona,79
2014,3,Arkansas,32
2014,3,California,197
2014,3,Colorado,259
2014,3,Connecticut,35
2014,3,Delaware,1
2014,3,Florida,93
2014,3,Georgia,270
2014,3,Hawaii,10
2014,3,Idaho,5
2014,3,Illinois,771
2014,3,Indiana,51
2014,3,Iowa,22
2014,3,Kansas,17
2014,3,Kentucky,49
2014,3,Louisiana,25
2014,3,Maine,20
2014,3,Maryland,230
2014,3,Massachusetts,199
2014,3,Michigan,179
2014,3,Minnesota,86
2014,3,Mississippi,18
2014,3,Missouri,96
2014,3,Montana,4
2014,3,Nebraska,26
2014,3,Nevada,77
2014,3,New Hampshire,6
2014,3,New Jersey,350
2014,3,New York,242
2014,3,North Carolina,148
2014,3,North Dakota,20
2014,3,Ohio,109
2014,3,Oklahoma,37
2014,3,Oregon,25
2014,3,Pennsylvania,153
2014,3,Rhode Island,20
2014,3,South Carolina,34
2014,3,South Dakota,17
2014,3,Tennessee,134
2014,3,Texas,634
2014,3,Utah,46
2014,3,Vermont,27
2014,3,Virginia,394
2014,3,Washington,41
2014,3,West Virginia,21
2014,3,Wisconsin,56
2014,3,Wyoming,25
2014,4,Alabama,17
2014,4,Alaska,3
2014,4,Arizona,72
2014,4,Arkansas,23
2014,4,California,144
2014,4,Colorado,122
2014,4,Connecticut,7
2014,4,Florida,47
2014,4,Georgia,114
2014,4,Hawaii,14
2014,4,Idaho,9
2014,4,Illinois,468
2014,4,Indiana,35
2014,4,Iowa,12
2014,4,Kansas,16
2014,4,Kentucky,36
2014,4,Louisiana,10
2014,4,Maine,12
2014,4,Maryland,22
2014,4,Massachusetts,67
2014,4,Michigan,73
2014,4,Minnesota,96
2014,4,Mississippi,11
2014,4,Missouri,45
2014,4,Montana,3
2014,4,Nebraska,22
2014,4,Nevada,69
2014,4,New Hampshire,2
2014,4,New Jersey,439
2014,4,New York,145
2014,4,North Carolina,78
2014,4,North Dakota,14
2014,4,Ohio,38
2014,4,Oklahoma,18
2014,4,Oregon,19
2014,4,Pennsylvania,37
2014,4,Rhode Island,1
2014,4,South Carolina,18
2014,4,South Dakota,19
2014,4,Tennessee,73
2014,4,Texas,272
2014,4,Utah,26
2014,4,Vermont,10
2014,4,Virginia,111
2014,4,Washington,16
2014,4,West Virginia,5
2014,4,Wisconsin,52
2014,5,Alabama,24
2014,5,Alaska,4
2014,5,Arizona,74
2014,5,Arkansas,42
2014,5,California,181
2014,5,Colorado,356
2014,5,Connecticut,15
2014,5,Delaware,1
2014,5,Florida,86
2014,5,Georgia,135
2014,5,Hawaii,15
2014,5,Idaho,9
2014,5,Illinois,1107
2014,5,Indiana,58
2014,5,Iowa,24
2014,5,Kansas,27
2014,5,Kentucky,65
2014,5,Louisiana,29
2014,5,Maine,18
2014,5,Maryland,86
2014,5,Massachusetts,143
2014,5,Michigan,130
2014,5,Minnesota,84
2014,5,Mississippi,17
2014,5,Missouri,77
2014,5,Nebraska,51
2014,5,Nevada,82
2014,5,New Hampshire,6
2014,5,New Jersey,480
2014,5,New York,189
2014,5,North Carolina,117
2014,5,North Dakota,26
2014,5,Ohio,99
2014,5,Oklahoma,52
2014,5,Oregon,32
2014,5,Pennsylvania,45
2014,5,Rhode Island,5
2014,5,South Carolina,45
2014,5,South Dakota,28
2014,5,Tennessee,91
2014,5,Texas,743
2014,5,Utah,47
2014,5,Vermont,11
2014,5,Virginia,141
2014,5,Washington,37
2014,5,West Virginia,20
2014,5,Wisconsin,53
2014,5,Wyoming,2
2014,6,Alabama,23
2014,6,Alaska,10
2014,6,Arizona,101
2014,6,Arkansas,49
2014,6,California,213
2014,6,Colorado,214
2014,6,Connecticut,38
2014,6,Florida,82
2014,6,Georgia,129
2014,6,Hawaii,17
2014,6,Idaho,14
2014,6,Illinois,1439
2014,6,Indiana,39
2014,6,Iowa,32
2014,6,Kansas,26
2014,6,Kentucky,74
2014,6,Louisiana,26
2014,6,Maine,28
2014,6,Maryland,95
2014,6,Massachusetts,140
2014,6,Michigan,127
2014,6,Minnesota,110
2014,6,Mississippi,34
2014,6,Missouri,65
2014,6,Montana,4
2014,6,Nebraska,47
2014,6,Nevada,79
2014,6,New Hampshire,15
2014,6,New Jersey,310
2014,6,New York,166
2014,6,North Carolina,81
2014,6,North Dakota,22
2014,6,Ohio,66
2014,6,Oklahoma,46
2014,6,Oregon,23
2014,6,Pennsylvania,123
2014,6,Rhode Island,13
2014,6,South Carolina,31
2014,6,South Dakota,32
2014,6,Tennessee,90
2014,6,Texas,592
2014,6,Utah,48
2014,6,Vermont,28
2014,6,Virginia,130
2014,6,Washington,30
2014,6,West Virginia,12
2014,6,Wisconsin,85
2014,6,Wyoming,1
2014,7,Alabama,10
2014,7,Alaska,7
2014,7,Arizona,153
2014,7,Arkansas,31
2014,7,California,196
2014,7,Colorado,234
2014,7,Connecticut,15
2014,7,Florida,106
2014,7,Georgia,140
2014,7,Hawaii,16
2014,7,Idaho,6
2014,7,Illinois,396
2014,7,Indiana,42
2014,7,Iowa,14
2014,7,Kansas,19
2014,7,Kentucky,49
2014,7,Louisiana,43
2014,7,Maine,23
2014,7,Maryland,102
2014,7,Massachusetts,185
2014,7,Michigan,130
2014,7,Minnesota,67
2014,7,Mississippi,14
2014,7,Missouri,78
2014,7,Montana,6
2014,7,Nebraska,23
2014,7,Nevada,91
2014,7,New Hampshire,8
2014,7,New Jersey,429
2014,7,New York,359
2014,7,North Carolina,120
2014,7,North Dakota,6
2014,7,Ohio,59
2014,7,Oklahoma,26
2014,7,Oregon,21
2014,7,Pennsylvania,110
2014,7,Rhode Island,20
2014,7,South Carolina,44
2014,7,South Dakota,21
2014,7,Tennessee,90
2014,7,Texas,553
2014,7,Utah,29
2014,7,Vermont,22
2014,7,Virginia,186
2014,7,Washington,28
2014,7,West Virginia,9
2014,7,Wisconsin,49
2014,8,Alabama,15
2014,8,Alaska,11
2014,8,Arizona,76
2014,8,Arkansas,26
2014,8,California,140
2014,8,Colorado,203
2014,8,Connecticut,11
2014,8,Delaware,1
2014,8,Florida,42
2014,8,Georgia,253
2014,8,Hawaii,28
2014,8,Idaho,11
2014,8,Illinois,882
2014,8,Indiana,33
2014,8,Iowa,20
2014,8,Kansas,22
2014,8,Kentucky,44
2014,8,Louisiana,26
2014,8,Maine,8
2014,8,Maryland,33
2014,8,Massachusetts,65
2014,8,Michigan,57
2014,8,Minnesota,34
2014,8,Mississippi,16
2014,8,Missouri,41
2014,8,Montana,6
2014,8,Nebraska,17
2014,8,Nevada,50
2014,8,New Hampshire,5
2014,8,New Jersey,117
2014,8,New York,59
2014,8,North Carolina,38
2014,8,North Dakota,16
2014,8,Ohio,35
2014,8,Oklahoma,25
2014,8,Oregon,23
2014,8,Pennsylvania,25
2014,8,Rhode Island,8
2014,8,South Carolina,17
2014,8,South Dakota,15
2014,8,Tennessee,48
2014,8,Texas,429
2014,8,Utah,32
2014,8,Vermont,6
2014,8,Virginia,81
2014,8,Washington,37
2014,8,West Virginia,14
2014,8,Wisconsin,51
2014,8,Wyoming,4
2014,9,Alabama,17
2014,9,Alaska,7
2014,9,Arizona,74
2014,9,Arkansas,28
2014,9,California,130
2014,9,Colorado,93
2014,9,Connecticut,16
2014,9,Florida,36
2014,9,Georgia,108
2014,9,Hawaii,10
2014,9,Idaho,2
2014,9,Illinois,1752
2014,9,Indiana,50
2014,9,Iowa,22
2014,9,Kansas,23
2014,9,Kentucky,36
2014,9,Louisiana,16
2014,9,Maine,4
2014,9,Maryland,45
2014,9,Massachusetts,69
2014,9,Michigan,93
2014,9,Minnesota,75
2014,9,Mississippi,14
2014,9,Missouri,31
2014,9,Montana,1
2014,9,Nebraska,29
2014,9,Nevada,59
2014,9,New Hampshire,13
2014,9,New Jersey,87
2014,9,New York,53
2014,9,North Carolina,45
2014,9,North Dakota,20
2014,9,Ohio,55
2014,9,Oklahoma,26
2014,9,Oregon,20
2014,9,Pennsylvania,34
2014,9,Rhode Island,8
2014,9,South Carolina,20
2014,9,South Dakota,28
2014,9,Tennessee,63
2014,9,Texas,151
2014,9,Utah,20
2014,9,Vermont,3
2014,9,Virginia,92
2014,9,Washington,26
2014,9,West Virginia,8
2014,9,Wisconsin,142
2014,10,Alabama,14
2014,10,Alaska,12
2014,10,Arizona,38
2014,10,Arkansas,25
2014,10,California,106
2014,10,Colorado,61
2014,10,Connecticut,8
2014,10,Florida,27
2014,10,Georgia,63
2014,10,Hawaii,16
2014,10,Idaho,5
2014,10,Illinois,955
2014,10,Indiana,24
2014,10,Iowa,24
2014,10,Kansas,16
2014,10,Kentucky,26
2014,10,Louisiana,13
2014,10,Maine,4
2014,10,Maryland,20
2014,10,Massachusetts,71
2014,10,Michigan,53
2014,10,Minnesota,36
2014,10,Mississippi,22
2014,10,Missouri,27
2014,10,Montana,1
2014,10,Nebraska,31
2014,10,Nevada,42
2014,10,New Hampshire,8
2014,10,New Jersey,36
2014,10,New York,42
2014,10,North Carolina,41
2014,10,North Dakota,16
2014,10,Ohio,45
2014,10,Oklahoma,27
2014,10,Oregon,10
2014,10,Pennsylvania,18
2014,10,Rhode Island,6
2014,10,South Carolina,15
2014,10,South Dakota,14
2014,10,Tennessee,41
2014,10,Texas,468
2014,10,Utah,26
2014,10,Vermont,3
2014,10,Virginia,79
2014,10,Washington,24
2014,10,West Virginia,4
2014,10,Wisconsin,58
2014,11,Alabama,2
2014,11,Alaska,10
2014,11,Arizona,34
2014,11,Arkansas,14
2014,11,California,112
2014,11,Colorado,154
2014,11,Connecticut,20
2014,11,Delaware,1
2014,11,Florida,45
2014,11,Georgia,34
2014,11,Hawaii,16
2014,11,Idaho,11
2014,11,Illinois,362
2014,11,Indiana,16
2014,11,Iowa,17
2014,11,Kansas,16
2014,11,Kentucky,28
2014,11,Louisiana,11
2014,11,Maine,15
2014,11,Maryland,55
2014,11,Massachusetts,46
2014,11,Michigan,67
2014,11,Minnesota,115
2014,11,Mississippi,5
2014,11,Missouri,32
2014,11,Montana,2
2014,11,Nebraska,12
2014,11,Nevada,32
2014,11,New Hampshire,7
2014,11,New Jersey,103
2014,11,New York,139
2014,11,North Carolina,35
2014,11,North Dakota,11
2014,11,Ohio,33
2014,11,Oklahoma,13
2014,11,Oregon,14
2014,11,Pennsylvania,20
2014,11,Rhode Island,7
2014,11,South Carolina,8
2014,11,South Dakota,9
2014,11,Tennessee,35
2014,11,Texas,276
2014,11,Utah,32
2014,11,Vermont,3
2014,11,Virginia,71
2014,11,Washington,20
2014,11,West Virginia,1
2014,11,Wisconsin,36
2014,11,Wyoming,11
2014,12,Alabama,7
2014,12,Alaska,7
2014,12,Arizona,65
2014,12,Arkansas,16
2014,12,California,237
2014,12,Colorado,327
2014,12,Connecticut,4
2014,12,Florida,27
2014,12,Georgia,83
2014,12,Hawaii,14
2014,12,Idaho,25
2014,12,Illinois,327
2014,12,Indiana,31
2014,12,Iowa,19
2014,12,Kansas,11
2014,12,Kentucky,31
2014,12,Louisiana,18
2014,12,Maine,4
2014,12,Maryland,39
2014,12,Massachusetts,42
2014,12,Michigan,68
2014,12,Minnesota,58
2014,12,Mississippi,16
2014,12,Missouri,30
2014,12,Montana,7
2014,12,Nebraska,17
2014,12,Nevada,126
2014,12,New Hampshire,1
2014,12,New Jersey,129
2014,12,New York,33
2014,12,North Carolina,19
2014,12,North Dakota,14
2014,12,Ohio,37
2014,12,Oklahoma,17
2014,12,Oregon,24
2014,12,Pennsylvania,22
2014,12,Rhode Island,3
2014,12,South Carolina,12
2014,12,South Dakota,15
2014,12,Tennessee,35
2014,12,Texas,639
2014,12,Utah,74
2014,12,Vermont,16
2014,12,Virginia,68
2014,12,Washington,29
2014,12,West Virginia,6
2014,12,Wisconsin,31
2014,12,Wyoming,9
2015,1,Alabama,12
2015,1,Alaska,10
2015,1,Arizona,89
2015,1,Arkansas,32
2015,1,California,251
2015,1,Colorado,273
2015,1,Connecticut,103
2015,1,Florida,189
2015,1,Georgia,263
2015,1,Hawaii,16
2015,1,Idaho,29
2015,1,Illinois,1118
2015,1,Indiana,74
2015,1,Iowa,43
2015,1,Kansas,25
2015,1,Kentucky,62
2015,1,Louisiana,36
2015,1,Maine,14
2015,1,Maryland,158
2015,1,Massachusetts,648
2015,1,Michigan,201
2015,1,Minnesota,110
2015,1,Mississippi,5
2015,1,Missouri,90
2015,1,Montana,2
2015,1,Nebraska,41
2015,1,Nevada,87
2015,1,New Hampshire,27
2015,1,New Jersey,659
2015,1,New York,510
2015,1,North Carolina,129
2015,1,North Dakota,15
2015,1,Ohio,87
2015,1,Oklahoma,24
2015,1,Oregon,16
2015,1,Pennsylvania,300
2015,1,Rhode Island,75
2015,1,South Carolina,33
2015,1,South Dakota,28
2015,1,Tennessee,95
2015,1,Texas,524
2015,1,Utah,59
2015,1,Vermont,10
2015,1,Virginia,329
2015,1,Washington,58
2015,1,West Virginia,1
2015,1,Wisconsin,73
2015,1,Wyoming,10
2015,2,Alabama,37
2015,2,Alaska,20
2015,2,Arizona,164
2015,2,Arkansas,69
2015,2,California,327
2015,2,Colorado,401
2015,2,Connecticut,127
2015,2,Delaware,3
2015,2,Florida,289
2015,2,Georgia,932
2015,2,Hawaii,14
2015,2,Idaho,7
2015,2,Illinois,1699
2015,2,Indiana,71
2015,2,Iowa,64
2015,2,Kansas,26
2015,2,Kentucky,94
2015,2,Louisiana,83
2015,2,Maine,28
2015,2,Maryland,335
2015,2,Massachusetts,1145
2015,2,Michigan,375
2015,2,Minnesota,150
2015,2,Mississippi,52
2015,2,Missouri,174
2015,2,Montana,3
2015,2,Nebraska,56
2015,2,Nevada,173
2015,2,New Hampshire,44
2015,2,New Jersey,616
2015,2,New York,557
2015,2,North Carolina,469
2015,2,North Dakota,26
2015,2,Ohio,161
2015,2,Oklahoma,52
2015,2,Oregon,24
2015,2,Pennsylvania,240
2015,2,Rhode Island,90
2015,2,South Carolina,57
2015,2,South Dakota,32
2015,2,Tennessee,421
2015,2,Texas,2000
2015,2,Utah,58
2015,2,Vermont,13
2015,2,Virginia,561
2015,2,Washington,66
2015,2,West Virginia,17
2015,2,Wisconsin,123
2015,2,Wyoming,13
2015,3,Alabama,22
2015,3,Alaska,5
2015,3,Arizona,81
2015,3,Arkansas,41
2015,3,California,183
2015,3,Colorado,149
2015,3,Connecticut,35
2015,3,Delaware,2
2015,3,Florida,150
2015,3,Georgia,269
2015,3,Hawaii,25
2015,3,Idaho,2
2015,3,Illinois,703
2015,3,Indiana,51
2015,3,Iowa,26
2015,3,Kansas,20
2015,3,Kentucky,66
2015,3,Louisiana,52
2015,3,Maine,18
2015,3,Maryland,332
2015,3,Massachusetts,237
2015,3,Michigan,155
2015,3,Minnesota,96
2015,3,Mississippi,32
2015,3,Missouri,93
2015,3,Montana,2
2015,3,Nebraska,25
2015,3,Nevada,106
2015,3,New Hampshire,21
2015,3,New Jersey,526
2015,3,New York,439
2015,3,North Carolina,109
2015,3,North Dakota,8
2015,3,Ohio,110
2015,3,Oklahoma,45
2015,3,Oregon,15
2015,3,Pennsylvania,256
2015,3,Rhode Island,28
2015,3,South Carolina,31
2015,3,South Dakota,12
2015,3,Tennessee,160
2015,3,Texas,1128
2015,3,Utah,25
2015,3,Vermont,9
2015,3,Virginia,370
2015,3,Washington,16
2015,3,West Virginia,8
2015,3,Wisconsin,62
2015,3,Wyoming,2
2015,4,Alabama,9
2015,4,Alaska,11
2015,4,Arizona,60
2015,4,Arkansas,10
2015,4,California,103
2015,4,Colorado,133
2015,4,Connecticut,6
2015,4,Florida,36
2015,4,Georgia,102
2015,4,Hawaii,15
2015,4,Idaho,2
2015,4,Illinois,508
2015,4,Indiana,19
2015,4,Iowa,14
2015,4,Kansas,13
2015,4,Kentucky,36
2015,4,Louisiana,51
2015,4,Maine,11
2015,4,Maryland,44
2015,4,Massachusetts,65
2015,4,Michigan,38
2015,4,Minnesota,34
2015,4,Mississippi,12
2015,4,Missouri,24
2015,4,Montana,4
2015,4,Nebraska,21
2015,4,Nevada,47
2015,4,New Hampshire,5
2015,4,New Jersey,107
2015,4,New York,116
2015,4,North Carolina,39
2015,4,North Dakota,6
2015,4,Ohio,41
2015,4,Oklahoma,12
2015,4,Oregon,18
2015,4,Pennsylvania,16
2015,4,Rhode Island,3
2015,4,South Carolina,9
2015,4,South Dakota,13
2015,4,Tennessee,34
2015,4,Texas,348
2015,4,Utah,40
2015,4,Vermont,5
2015,4,Virginia,58
2015,4,Washington,35
2015,4,West Virginia,5
2015,4,Wisconsin,32
2015,4,Wyoming,2
2015,5,Alabama,14
2015,5,Alaska,8
2015,5,Arizona,54
2015,5,Arkansas,17
2015,5,California,97
2015,5,Colorado,109
2015,5,Connecticut,5
2015,5,Florida,64
2015,5,Georgia,148
2015,5,Hawaii,13
2015,5,Idaho,6
2015,5,Illinois,289
2015,5,Indiana,25
2015,5,Iowa,11
2015,5,Kansas,12
2015,5,Kentucky,31
2015,5,Louisiana,50
2015,5,Maine,6
2015,5,Maryland,71
2015,5,Massachusetts,76
2015,5,Michigan,52
2015,5,Minnesota,48
2015,5,Mississippi,19
2015,5,Missouri,46
2015,5,Nebraska,12
2015,5,Nevada,75
2015,5,New Hampshire,4
2015,5,New Jersey,129
2015,5,New York,88
2015,5,North Carolina,34
2015,5,North Dakota,7
2015,5,Ohio,48
2015,5,Oklahoma,37
2015,5,Oregon,24
2015,5,Pennsylvania,50
2015,5,Rhode Island,3
2015,5,South Carolina,13
2015,5,South Dakota,5
2015,5,Tennessee,42
2015,5,Texas,803
2015,5,Utah,29
2015,5,Vermont,2
2015,5,Virginia,85
2015,5,Washington,28
2015,5,West Virginia,4
2015,5,Wisconsin,39
2015,6,Alabama,27
2015,6,Alaska,14
2015,6,Arizona,105
2015,6,Arkansas,34
2015,6,California,280
2015,6,Colorado,213
2015,6,Connecticut,27
2015,6,Florida,127
2015,6,Georgia,287
2015,6,Hawaii,14
2015,6,Idaho,8
2015,6,Illinois,1223
2015,6,Indiana,51
2015,6,Iowa,30
2015,6,Kansas,28
2015,6,Kentucky,71
2015,6,Louisiana,59
2015,6,Maine,13
2015,6,Maryland,260
2015,6,Massachusetts,144
2015,6,Michigan,106
2015,6,Minnesota,114
2015,6,Mississippi,18
2015,6,Missouri,82
2015,6,Montana,5
2015,6,Nebraska,27
2015,6,Nevada,125
2015,6,New Hampshire,20
2015,6,New Jersey,296
2015,6,New York,136
2015,6,North Carolina,67
2015,6,North Dakota,14
2015,6,Ohio,93
2015,6,Oklahoma,25
2015,6,Oregon,32
2015,6,Pennsylvania,55
2015,6,Rhode Island,23
2015,6,South Carolina,31
2015,6,South Dakota,21
2015,6,Tennessee,93
2015,6,Texas,359
2015,6,Utah,29
2015,6,Vermont,15
2015,6,Virginia,178
2015,6,Washington,70
2015,6,West Virginia,5
2015,6,Wisconsin,63
2015,6,Wyoming,5
2015,7,Alabama,16
2015,7,Alaska,8
2015,7,Arizona,63
2015,7,Arkansas,8
2015,7,California,283
2015,7,Colorado,120
2015,7,Connecticut,9
2015,7,Florida,57
2015,7,Georgia,87
2015,7,Hawaii,20
2015,7,Idaho,11
2015,7,Illinois,482
2015,7,Indiana,37
2015,7,Iowa,6
2015,7,Kansas,11
2015,7,Kentucky,31
2015,7,Louisiana,10
2015,7,Maine,16
2015,7,Maryland,52
2015,7,Massachusetts,80
2015,7,Michigan,62
2015,7,Minnesota,52
2015,7,Mississippi,5
2015,7,Missouri,20
2015,7,Montana,3
2015,7,Nebraska,18
2015,7,Nevada,65
2015,7,New Hampshire,5
2015,7,New Jersey,229
2015,7,New York,113
2015,7,North Carolina,44
2015,7,North Dakota,7
2015,7,Ohio,54
2015,7,Oklahoma,16
2015,7,Oregon,10
2015,7,Pennsylvania,23
2015,7,Rhode Island,6
2015,7,South Carolina,22
2015,7,South Dakota,5
2015,7,Tennessee,56
2015,7,Texas,100
2015,7,Utah,27
2015,7,Vermont,5
2015,7,Virginia,105
2015,7,Washington,31
2015,7,West Virginia,3
2015,7,Wisconsin,29
2015,8,Alabama,13
2015,8,Alaska,10
2015,8,Arizona,90
2015,8,Arkansas,15
2015,8,California,244
2015,8,Colorado,76
2015,8,Connecticut,20
2015,8,Florida,86
2015,8,Georgia,98
2015,8,Hawaii,34
2015,8,Idaho,8
2015,8,Illinois,563
2015,8,Indiana,32
2015,8,Iowa,14
2015,8,Kansas,11
2015,8,Kentucky,25
2015,8,Louisiana,20
2015,8,Maine,10
2015,8,Maryland,145
2015,8,Massachusetts,88
2015,8,Michigan,57
2015,8,Minnesota,52
2015,8,Mississippi,6
2015,8,Missouri,39
2015,8,Montana,3
2015,8,Nebraska,12
2015,8,Nevada,94
2015,8,New Hampshire,10
2015,8,New Jersey,139
2015,8,New York,99
2015,8,North Carolina,107
2015,8,North Dakota,7
2015,8,Ohio,36
2015,8,Oklahoma,13
2015,8,Oregon,14
2015,8,Pennsylvania,47
2015,8,Rhode Island,19
2015,8,South Carolina,9
2015,8,South Dakota,10
2015,8,Tennessee,45
2015,8,Texas,119
2015,8,Utah,22
2015,8,Vermont,3
2015,8,Virginia,132
2015,8,Washington,19
2015,8,West Virginia,4
2015,8,Wisconsin,37
2015,8,Wyoming,3
2015,9,Alabama,5
2015,9,Alaska,4
2015,9,Arizona,34
2015,9,Arkansas,5
2015,9,California,104
2015,9,Colorado,25
2015,9,Connecticut,6
2015,9,Florida,21
2015,9,Georgia,38
2015,9,Hawaii,12
2015,9,Idaho,7
2015,9,Illinois,284
2015,9,Indiana,15
2015,9,Iowa,3
2015,9,Kansas,2
2015,9,Kentucky,22
2015,9,Louisiana,3
2015,9,Maine,6
2015,9,Maryland,31
2015,9,Massachusetts,46
2015,9,Michigan,38
2015,9,Minnesota,22
2015,9,Mississippi,1
2015,9,Missouri,7
2015,9,Montana,1
2015,9,Nebraska,3
2015,9,Nevada,33
2015,9,New Hampshire,1
2015,9,New Jersey,51
2015,9,New York,46
2015,9,North Carolina,19
2015,9,North Dakota,2
2015,9,Ohio,14
2015,9,Oklahoma,4
2015,9,Oregon,6
2015,9,Pennsylvania,22
2015,9,Rhode Island,1
2015,9,South Carolina,1
2015,9,South Dakota,3
2015,9,Tennessee,20
2015,9,Texas,33
2015,9,Utah,8
2015,9,Vermont,2
2015,9,Virginia,65
2015,9,Washington,13
2015,9,West Virginia,2
2015,9,Wisconsin,20
2015,9,Wyoming,4
2015,10,Alabama,3
2015,10,Alaska,6
2015,10,Arizona,17
2015,10,Arkansas,10
2015,10,California,75
2015,10,Colorado,33
2015,10,Connecticut,6
2015,10,Florida,27
2015,10,Georgia,31
2015,10,Hawaii,14
2015,10,Idaho,3
2015,10,Illinois,50
2015,10,Indiana,8
2015,10,Iowa,5
2015,10,Kansas,6
2015,10,Kentucky,11
2015,10,Louisiana,10
2015,10,Maine,2
2015,10,Maryland,20
2015,10,Massachusetts,49
2015,10,Michigan,23
2015,10,Minnesota,16
2015,10,Mississippi,7
2015,10,Missouri,14
2015,10,Montana,1
2015,10,Nebraska,7
2015,10,Nevada,28
2015,10,New Hampshire,3
2015,10,New Jersey,94
2015,10,New York,39
2015,10,North Carolina,21
2015,10,North Dakota,3
2015,10,Ohio,19
2015,10,Oklahoma,11
2015,10,Oregon,6
2015,10,Pennsylvania,19
2015,10,Rhode Island,6
2015,10,South Carolina,2
2015,10,South Dakota,2
2015,10,Tennessee,21
2015,10,Texas,413
2015,10,Utah,10
2015,10,Vermont,3
2015,10,Virginia,49
2015,10,Washington,19
2015,10,Wisconsin,8
2015,11,Alabama,5
2015,11,Alaska,11
2015,11,Arizona,58
2015,11,Arkansas,10
2015,11,California,96
2015,11,Colorado,229
2015,11,Connecticut,10
2015,11,Florida,31
2015,11,Georgia,62
2015,11,Hawaii,3
2015,11,Idaho,5
2015,11,Illinois,809
2015,11,Indiana,27
2015,11,Iowa,22
2015,11,Kansas,19
2015,11,Kentucky,29
2015,11,Louisiana,10
2015,11,Maine,2
2015,11,Maryland,31
2015,11,Massachusetts,47
2015,11,Michigan,68
2015,11,Minnesota,43
2015,11,Mississippi,8
2015,11,Missouri,24
2015,11,Montana,2
2015,11,Nebraska,16
2015,11,Nevada,44
2015,11,New Hampshire,4
2015,11,New Jersey,111
2015,11,New York,77
2015,11,North Carolina,24
2015,11,North Dakota,10
2015,11,Ohio,35
2015,11,Oklahoma,31
2015,11,Oregon,9
2015,11,Pennsylvania,21
2015,11,Rhode Island,6
2015,11,South Carolina,10
2015,11,South Dakota,15
2015,11,Tennessee,36
2015,11,Texas,205
2015,11,Utah,40
2015,11,Vermont,8
2015,11,Virginia,52
2015,11,Washington,50
2015,11,West Virginia,7
2015,11,Wisconsin,30
2015,11,Wyoming,1
2015,12,Alabama,21
2015,12,Alaska,23
2015,12,Arizona,104
2015,12,Arkansas,26
2015,12,California,196
2015,12,Colorado,395
2015,12,Connecticut,14
2015,12,Florida,68
2015,12,Georgia,271
2015,12,Hawaii,8
2015,12,Idaho,16
2015,12,Illinois,870
2015,12,Indiana,39
2015,12,Iowa,22
2015,12,Kansas,28
2015,12,Kentucky,41
2015,12,Louisiana,37
2015,12,Maine,14
2015,12,Maryland,74
2015,12,Massachusetts,78
2015,12,Michigan,118
2015,12,Minnesota,87
2015,12,Mississippi,12
2015,12,Missouri,48
2015,12,Montana,14
2015,12,Nebraska,32
2015,12,Nevada,87
2015,12,New Hampshire,10
2015,12,New Jersey,247
2015,12,New York,58
2015,12,North Carolina,40
2015,12,North Dakota,9
2015,12,Ohio,55
2015,12,Oklahoma,41
2015,12,Oregon,44
2015,12,Pennsylvania,44
2015,12,Rhode Island,13
2015,12,South Carolina,18
2015,12,South Dakota,10
2015,12,Tennessee,64
2015,12,Texas,635
2015,12,Utah,58
2015,12,Vermont,17
2015,12,Virginia,92
2015,12,Washington,64
2015,12,West Virginia,3
2015,12,Wisconsin,69
2015,12,Wyoming,14
2016,1,Alabama,16
2016,1,Alaska,9
2016,1,Arizona,160
2016,1,Arkansas,11
2016,1,California,299
2016,1,Colorado,202
2016,1,Connecticut,37
2016,1,Florida,274
2016,1,Georgia,414
2016,1,Hawaii,12
2016,1,Idaho,10
2016,1,Illinois,359
2016,1,Indiana,47
2016,1,Iowa,4
2016,1,Kansas,2
2016,1,Kentucky,23
2016,1,Louisiana,46
2016,1,Maine,22
2016,1,Maryland,631
2016,1,Massachusetts,276
2016,1,Michigan,175
2016,1,Minnesota,98
2016,1,Mississippi,2
2016,1,Missouri,73
2016,1,Montana,2
2016,1,Nebraska,17
2016,1,Nevada,262
2016,1,New Hampshire,19
2016,1,New Jersey,824
2016,1,New York,538
2016,1,North Carolina,589
2016,1,North Dakota,10
2016,1,Ohio,65
2016,1,Oklahoma,7
2016,1,Oregon,33
2016,1,Pennsylvania,345
2016,1,Rhode Island,40
2016,1,South Carolina,37
2016,1,South Dakota,5
2016,1,Tennessee,167
2016,1,Texas,224
2016,1,Utah,54
2016,1,Vermont,19
2016,1,Virginia,609
2016,1,Washington,80
2016,1,West Virginia,11
2016,1,Wisconsin,40
2016,1,Wyoming,3
2016,2,Alabama,15
2016,2,Alaska,20
2016,2,Arizona,75
2016,2,Arkansas,2
2016,2,California,129
2016,2,Colorado,361
2016,2,Connecticut,20
2016,2,Florida,102
2016,2,Georgia,162
2016,2,Hawaii,7
2016,2,Idaho,8
2016,2,Illinois,604
2016,2,Indiana,31
2016,2,Iowa,14
2016,2,Kansas,12
2016,2,Kentucky,27
2016,2,Louisiana,25
2016,2,Maine,21
2016,2,Maryland,180
2016,2,Massachusetts,334
2016,2,Michigan,118
2016,2,Minnesota,163
2016,2,Mississippi,1
2016,2,Missouri,55
2016,2,Montana,3
2016,2,Nebraska,44
2016,2,Nevada,73
2016,2,New Hampshire,12
2016,2,New Jersey,301
2016,2,New York,160
2016,2,North Carolina,132
2016,2,North Dakota,12
2016,2,Ohio,72
2016,2,Oklahoma,12
2016,2,Oregon,18
2016,2,Pennsylvania,78
2016,2,Rhode Island,38
2016,2,South Carolina,14
2016,2,South Dakota,17
2016,2,Tennessee,54
2016,2,Texas,90
2016,2,Utah,29
2016,2,Vermont,12
2016,2,Virginia,279
2016,2,Washington,21
2016,2,West Virginia,1
2016,2,Wisconsin,54
2016,2,Wyoming,3
2016,3,Alabama,9
2016,3,Alaska,25
2016,3,Arizona,65
2016,3,Arkansas,5
2016,3,California,145
2016,3,Colorado,750
2016,3,Connecticut,4
2016,3,Florida,65
2016,3,Georgia,78
2016,3,Hawaii,7
2016,3,Idaho,16
2016,3,Illinois,215
2016,3,Indiana,17
2016,3,Iowa,8
2016,3,Kansas,12
2016,3,Kentucky,6
2016,3,Louisiana,24
2016,3,Maine,2
2016,3,Maryland,34
2016,3,Massachusetts,84
2016,3,Michigan,74
2016,3,Minnesota,67
2016,3,Mississippi,7
2016,3,Missouri,31
2016,3,Montana,4
2016,3,Nebraska,19
2016,3,Nevada,88
2016,3,New Hampshire,2
2016,3,New Jersey,78
2016,3,New York,23
2016,3,North Carolina,26
2016,3,North Dakota,5
2016,3,Ohio,35
2016,3,Oklahoma,13
2016,3,Oregon,26
2016,3,Pennsylvania,36
2016,3,Rhode Island,15
2016,3,South Carolina,8
2016,3,South Dakota,7
2016,3,Tennessee,28
2016,3,Texas,168
2016,3,Utah,41
2016,3,Vermont,3
2016,3,Virginia,56
2016,3,Washington,45
2016,3,West Virginia,3
2016,3,Wisconsin,34
2016,3,Wyoming,5
2016,4,Alabama,12
2016,4,Alaska,2
2016,4,Arizona,50
2016,4,Arkansas,8
2016,4,California,126
2016,4,Colorado,537
2016,4,Connecticut,9
2016,4,Florida,66
2016,4,Georgia,66
2016,4,Hawaii,7
2016,4,Idaho,10
2016,4,Illinois,85
2016,4,Indiana,13
2016,4,Iowa,7
2016,4,Kansas,13
2016,4,Kentucky,5
2016,4,Louisiana,37
2016,4,Maine,8
2016,4,Maryland,28
2016,4,Massachusetts,109
2016,4,Michigan,30
2016,4,Minnesota,23
2016,4,Mississippi,8
2016,4,Missouri,30
2016,4,Montana,3
2016,4,Nebraska,15
2016,4,Nevada,87
2016,4,New Hampshire,1
2016,4,New Jersey,90
2016,4,New York,47
2016,4,North Carolina,37
2016,4,North Dakota,5
2016,4,Ohio,24
2016,4,Oklahoma,22
2016,4,Oregon,18
2016,4,Pennsylvania,18
2016,4,Rhode Island,3
2016,4,South Carolina,8
2016,4,South Dakota,6
2016,4,Tennessee,27
2016,4,Texas,290
2016,4,Utah,27
2016,4,Vermont,4
2016,4,Virginia,52
2016,4,Washington,27
2016,4,West Virginia,2
2016,4,Wisconsin,18
2016,4,Wyoming,3
2016,5,Alabama,8
2016,5,Alaska,6
2016,5,Arizona,33
2016,5,Arkansas,4
2016,5,California,128
2016,5,Colorado,75
2016,5,Connecticut,9
2016,5,Florida,41
2016,5,Georgia,19
2016,5,Hawaii,13
2016,5,Idaho,2
2016,5,Illinois,199
2016,5,Indiana,12
2016,5,Iowa,3
2016,5,Kansas,3
2016,5,Kentucky,7
2016,5,Louisiana,19
2016,5,Maine,2
2016,5,Maryland,20
2016,5,Massachusetts,30
2016,5,Michigan,18
2016,5,Minnesota,21
2016,5,Mississippi,4
2016,5,Missouri,19
2016,5,Montana,1
2016,5,Nebraska,8
2016,5,Nevada,49
2016,5,New Hampshire,2
2016,5,New Jersey,43
2016,5,New York,20
2016,5,North Carolina,27
2016,5,North Dakota,4
2016,5,Ohio,10
2016,5,Oklahoma,6
2016,5,Oregon,11
2016,5,Pennsylvania,17
2016,5,South Carolina,8
2016,5,South Dakota,4
2016,5,Tennessee,15
2016,5,Texas,156
2016,5,Utah,8
2016,5,Vermont,4
2016,5,Virginia,58
2016,5,Washington,13
2016,5,West Virginia,4
2016,5,Wisconsin,11
2016,6,Alabama,15
2016,6,Alaska,4
2016,6,Arizona,66
2016,6,Arkansas,10
2016,6,California,170
2016,6,Colorado,285
2016,6,Connecticut,18
2016,6,Florida,53
2016,6,Georgia,126
2016,6,Hawaii,17
2016,6,Idaho,13
2016,6,Illinois,221
2016,6,Indiana,18
2016,6,Iowa,10
2016,6,Kansas,11
2016,6,Kentucky,19
2016,6,Louisiana,32
2016,6,Maine,18
2016,6,Maryland,176
2016,6,Massachusetts,81
2016,6,Michigan,35
2016,6,Minnesota,45
2016,6,Mississippi,13
2016,6,Missouri,54
2016,6,Nebraska,15
2016,6,Nevada,153
2016,6,New Hampshire,15
2016,6,New Jersey,195
2016,6,New York,67
2016,6,North Carolina,44
2016,6,North Dakota,2
2016,6,Ohio,40
2016,6,Oklahoma,15
2016,6,Oregon,30
2016,6,Pennsylvania,34
2016,6,Rhode Island,18
2016,6,South Carolina,14
2016,6,South Dakota,5
2016,6,Tennessee,35
2016,6,Texas,265
2016,6,Utah,13
2016,6,Vermont,14
2016,6,Virginia,105
2016,6,Washington,35
2016,6,West Virginia,6
2016,6,Wisconsin,19
2016,6,Wyoming,1
2016,7,Alabama,26
2016,7,Alaska,3
2016,7,Arizona,230
2016,7,Arkansas,16
2016,7,California,228
2016,7,Colorado,217
2016,7,Connecticut,31
2016,7,Florida,131
2016,7,Georgia,242
2016,7,Hawaii,10
2016,7,Idaho,13
2016,7,Illinois,763
2016,7,Indiana,53
2016,7,Iowa,13
2016,7,Kansas,8
2016,7,Kentucky,36
2016,7,Louisiana,62
2016,7,Maine,51
2016,7,Maryland,264
2016,7,Massachusetts,197
2016,7,Michigan,102
2016,7,Minnesota,91
2016,7,Mississippi,8
2016,7,Missouri,99
2016,7,Montana,4
2016,7,Nebraska,29
2016,7,Nevada,229
2016,7,New Hampshire,35
2016,7,New Jersey,564
2016,7,New York,273
2016,7,North Carolina,155
2016,7,North Dakota,13
2016,7,Ohio,78
2016,7,Oklahoma,33
2016,7,Oregon,55
2016,7,Pennsylvania,86
2016,7,Rhode Island,38
2016,7,South Carolina,47
2016,7,South Dakota,10
2016,7,Tennessee,101
2016,7,Texas,280
2016,7,Utah,32
2016,7,Vermont,37
2016,7,Virginia,210
2016,7,Washington,66
2016,7,West Virginia,7
2016,7,Wisconsin,73
2016,7,Wyoming,3
2016,8,Alabama,20
2016,8,Alaska,3
2016,8,Arizona,93
2016,8,Arkansas,12
2016,8,California,216
2016,8,Colorado,102
2016,8,Connecticut,23
2016,8,Florida,101
2016,8,Georgia,729
2016,8,Hawaii,14
2016,8,Idaho,6
2016,8,Illinois,417
2016,8,Indiana,39
2016,8,Iowa,15
2016,8,Kansas,9
2016,8,Kentucky,25
2016,8,Louisiana,45
2016,8,Maine,34
2016,8,Maryland,78
2016,8,Massachusetts,121
2016,8,Michigan,108
2016,8,Minnesota,143
2016,8,Mississippi,15
2016,8,Missouri,54
2016,8,Montana,6
2016,8,Nebraska,26
2016,8,Nevada,92
2016,8,New Hampshire,9
2016,8,New Jersey,318
2016,8,New York,186
2016,8,North Carolina,84
2016,8,North Dakota,7
2016,8,Ohio,52
2016,8,Oklahoma,13
2016,8,Oregon,27
2016,8,Pennsylvania,63
2016,8,Rhode Island,17
2016,8,South Carolina,28
2016,8,South Dakota,5
2016,8,Tennessee,47
2016,8,Texas,539
2016,8,Utah,78
2016,8,Vermont,23
2016,8,Virginia,146
2016,8,Washington,55
2016,8,West Virginia,9
2016,8,Wisconsin,30
2016,8,Wyoming,10
2016,9,Alabama,3
2016,9,Alaska,7
2016,9,Arizona,24
2016,9,Arkansas,2
2016,9,California,71
2016,9,Colorado,32
2016,9,Connecticut,2
2016,9,Florida,18
2016,9,Georgia,19
2016,9,Hawaii,6
2016,9,Idaho,3
2016,9,Illinois,126
2016,9,Indiana,4
2016,9,Iowa,2
2016,9,Kansas,4
2016,9,Louisiana,8
2016,9,Maine,9
2016,9,Maryland,15
2016,9,Massachusetts,51
2016,9,Michigan,15
2016,9,Minnesota,31
2016,9,Mississippi,1
2016,9,Missouri,6
2016,9,Montana,1
2016,9,Nebraska,11
2016,9,Nevada,36
2016,9,New Hampshire,2
2016,9,New Jersey,87
2016,9,New York,18
2016,9,North Carolina,25
2016,9,North Dakota,4
2016,9,Ohio,14
2016,9,Oklahoma,2
2016,9,Oregon,3
2016,9,Pennsylvania,10
2016,9,Rhode Island,3
2016,9,South Carolina,12
2016,9,South Dakota,2
2016,9,Tennessee,7
2016,9,Texas,40
2016,9,Utah,5
2016,9,Vermont,9
2016,9,Virginia,47
2016,9,Washington,15
2016,9,West Virginia,2
2016,9,Wisconsin,13
2016,10,Alabama,5
2016,10,Alaska,8
2016,10,Arizona,32
2016,10,California,115
2016,10,Colorado,58
2016,10,Connecticut,14
2016,10,Florida,552
2016,10,Georgia,251
2016,10,Hawaii,5
2016,10,Idaho,4
2016,10,Illinois,102
2016,10,Indiana,9
2016,10,Iowa,3
2016,10,Kansas,1
2016,10,Kentucky,8
2016,10,Louisiana,21
2016,10,Maine,2
2016,10,Maryland,84
2016,10,Massachusetts,102
2016,10,Michigan,52
2016,10,Minnesota,22
2016,10,Missouri,19
2016,10,Montana,1
2016,10,Nebraska,6
2016,10,Nevada,53
2016,10,New Hampshire,7
2016,10,New Jersey,136
2016,10,New York,96
2016,10,North Carolina,71
2016,10,Ohio,25
2016,10,Oklahoma,3
2016,10,Oregon,8
2016,10,Pennsylvania,62
2016,10,Rhode Island,15
2016,10,South Carolina,103
2016,10,South Dakota,2
2016,10,Tennessee,24
2016,10,Texas,64
2016,10,Utah,18
2016,10,Vermont,5
2016,10,Virginia,87
2016,10,Washington,33
2016,10,West Virginia,1
2016,10,Wisconsin,10
2016,10,Wyoming,1
2016,11,Alabama,2
2016,11,Arizona,17
2016,11,Arkansas,2
2016,11,California,39
2016,11,Colorado,87
2016,11,Connecticut,3
2016,11,Florida,8
2016,11,Georgia,12
2016,11,Hawaii,8
2016,11,Idaho,5
2016,11,Illinois,99
2016,11,Indiana,1
2016,11,Iowa,1
2016,11,Kansas,3
2016,11,Louisiana,3
2016,11,Maine,8
2016,11,Maryland,8
2016,11,Massachusetts,21
2016,11,Michigan,19
2016,11,Minnesota,38
2016,11,Missouri,12
2016,11,Nebraska,2
2016,11,Nevada,17
2016,11,New Hampshire,3
2016,11,New Jersey,85
2016,11,New York,18
2016,11,North Carolina,9
2016,11,North Dakota,1
2016,11,Ohio,14
2016,11,Oklahoma,20
2016,11,Oregon,5
2016,11,Pennsylvania,8
2016,11,Rhode Island,5
2016,11,South Carolina,7
2016,11,South Dakota,9
2016,11,Tennessee,5
2016,11,Texas,39
2016,11,Utah,10
2016,11,Vermont,4
2016,11,Virginia,19
2016,11,Washington,4
2016,11,West Virginia,2
2016,11,Wisconsin,6
2016,11,Wyoming,3
2016,12,Alabama,18
2016,12,Alaska,12
2016,12,Arizona,135
2016,12,Arkansas,10
2016,12,California,233
2016,12,Colorado,466
2016,12,Connecticut,31
2016,12,Florida,132
2016,12,Georgia,128
2016,12,Hawaii,7
2016,12,Idaho,13
2016,12,Illinois,770
2016,12,Indiana,31
2016,12,Iowa,16
2016,12,Kansas,18
2016,12,Kentucky,31
2016,12,Louisiana,30
2016,12,Maine,18
2016,12,Maryland,128
2016,12,Massachusetts,97
2016,12,Michigan,191
2016,12,Minnesota,140
2016,12,Mississippi,5
2016,12,Missouri,100
2016,12,Montana,6
2016,12,Nebraska,26
2016,12,Nevada,160
2016,12,New Hampshire,16
2016,12,New Jersey,204
2016,12,New York,90
2016,12,North Carolina,50
2016,12,North Dakota,21
2016,12,Ohio,56
2016,12,Oklahoma,19
2016,12,Oregon,109
2016,12,Pennsylvania,79
2016,12,Rhode Island,25
2016,12,South Carolina,19
2016,12,South Dakota,14
2016,12,Tennessee,72
2016,12,Texas,134
2016,12,Utah,81
2016,12,Vermont,17
2016,12,Virginia,67
2016,12,Washington,108
2016,12,West Virginia,7
2016,12,Wisconsin,57
2016,12,Wyoming,4
2017,1,Alabama,20
2017,1,Alaska,19
2017,1,Arizona,167
2017,1,Arkansas,7
2017,1,California,266
2017,1,Colorado,288
2017,1,Connecticut,12
2017,1,Florida,135
2017,1,Georgia,643
2017,1,Hawaii,11
2017,1,Idaho,14
2017,1,Illinois,320
2017,1,Indiana,32
2017,1,Iowa,7
2017,1,Kansas,9
2017,1,Kentucky,8
2017,1,Louisiana,39
2017,1,Maine,14
2017,1,Maryland,150
2017,1,Massachusetts,176
2017,1,Michigan,171
2017,1,Minnesota,94
2017,1,Mississippi,21
2017,1,Missouri,120
2017,1,Montana,5
2017,1,Nebraska,44
2017,1,Nevada,177
2017,1,New Hampshire,9
2017,1,New Jersey,198
2017,1,New York,137
2017,1,North Carolina,154
2017,1,North Dakota,2
2017,1,Ohio,48
2017,1,Oklahoma,28
2017,1,Oregon,207
2017,1,Pennsylvania,87
2017,1,Rhode Island,41
2017,1,South Carolina,16
2017,1,South Dakota,8
2017,1,Tennessee,54
2017,1,Texas,237
2017,1,Utah,90
2017,1,Vermont,8
2017,1,Virginia,87
2017,1,Washington,102
2017,1,West Virginia,10
2017,1,Wisconsin,45
2017,1,Wyoming,10
2017,2,Alabama,6
2017,2,Alaska,20
2017,2,Arizona,89
2017,2,Arkansas,1
2017,2,California,241
2017,2,Colorado,100
2017,2,Connecticut,70
2017,2,Florida,131
2017,2,Georgia,93
2017,2,Hawaii,9
2017,2,Idaho,10
2017,2,Illinois,203
2017,2,Indiana,22
2017,2,Iowa,3
2017,2,Kansas,2
2017,2,Kentucky,4
2017,2,Louisiana,20
2017,2,Maine,30
2017,2,Maryland,106
2017,2,Massachusetts,553
2017,2,Michigan,67
2017,2,Minnesota,37
2017,2,Missouri,34
2017,2,Montana,5
2017,2,Nebraska,9
2017,2,Nevada,93
2017,2,New Hampshire,29
2017,2,New Jersey,363
2017,2,New York,298
2017,2,North Carolina,83
2017,2,Ohio,32
2017,2,Oklahoma,2
2017,2,Oregon,33
2017,2,Pennsylvania,101
2017,2,Rhode Island,55
2017,2,South Carolina,20
2017,2,South Dakota,3
2017,2,Tennessee,28
2017,2,Texas,68
2017,2,Utah,37
2017,2,Vermont,15
2017,2,Virginia,128
2017,2,Washington,155
2017,2,Wisconsin,23
2017,2,Wyoming,20
2017,3,Alabama,15
2017,3,Alaska,6
2017,3,Arizona,78
2017,3,Arkansas,4
2017,3,California,215
2017,3,Colorado,256
2017,3,Connecticut,89
2017,3,Florida,216
2017,3,Georgia,188
2017,3,Hawaii,12
2017,3,Idaho,5
2017,3,Illinois,507
2017,3,Indiana,31
2017,3,Iowa,9
2017,3,Kansas,10
2017,3,Kentucky,11
2017,3,Louisiana,33
2017,3,Maine,32
2017,3,Maryland,369
2017,3,Massachusetts,478
2017,3,Michigan,153
2017,3,Minnesota,74
2017,3,Mississippi,4
2017,3,Missouri,65
2017,3,Montana,3
2017,3,Nebraska,19
2017,3,Nevada,138
2017,3,New Hampshire,27
2017,3,New Jersey,524
2017,3,New York,441
2017,3,North Carolina,151
2017,3,North Dakota,5
2017,3,Ohio,77
2017,3,Oklahoma,6
2017,3,Oregon,17
2017,3,Pennsylvania,234
2017,3,Rhode Island,64
2017,3,South Carolina,20
2017,3,South Dakota,3
2017,3,Tennessee,57
2017,3,Texas,91
2017,3,Utah,39
2017,3,Vermont,18
2017,3,Virginia,232
2017,3,Washington,45
2017,3,West Virginia,2
2017,3,Wisconsin,45
2017,3,Wyoming,3
2017,4,Alabama,21
2017,4,Alaska,2
2017,4,Arizona,48
2017,4,Arkansas,17
2017,4,California,174
2017,4,Colorado,80
2017,4,Connecticut,36
2017,4,Florida,105
2017,4,Georgia,1430
2017,4,Hawaii,8
2017,4,Idaho,6
2017,4,Illinois,260
2017,4,Indiana,40
2017,4,Iowa,9
2017,4,Kansas,12
2017,4,Kentucky,25
2017,4,Louisiana,51
2017,4,Maine,20
2017,4,Maryland,67
2017,4,Massachusetts,145
2017,4,Michigan,207
2017,4,Minnesota,138
2017,4,Mississippi,15
2017,4,Missouri,63
2017,4,Montana,2
2017,4,Nebraska,24
2017,4,Nevada,92
2017,4,New Hampshire,12
2017,4,New Jersey,136
2017,4,New York,192
2017,4,North Carolina,85
2017,4,North Dakota,3
2017,4,Ohio,57
2017,4,Oklahoma,20
2017,4,Oregon,26
2017,4,Pennsylvania,85
2017,4,Rhode Island,24
2017,4,South Carolina,28
2017,4,South Dakota,10
2017,4,Tennessee,56
2017,4,Texas,222
2017,4,Utah,77
2017,4,Vermont,11
2017,4,Virginia,142
2017,4,Washington,42
2017,4,West Virginia,7
2017,4,Wisconsin,40
2017,4,Wyoming,1
2017,5,Alabama,4
2017,5,Alaska,6
2017,5,Arizona,30
2017,5,Arkansas,4
2017,5,California,201
2017,5,Colorado,58
2017,5,Connecticut,12
2017,5,Florida,80
2017,5,Georgia,67
2017,5,Hawaii,10
2017,5,Idaho,4
2017,5,Illinois,198
2017,5,Indiana,12
2017,5,Iowa,2
2017,5,Kansas,6
2017,5,Kentucky,8
2017,5,Louisiana,29
2017,5,Maine,20
2017,5,Maryland,76
2017,5,Massachusetts,178
2017,5,Michigan,68
2017,5,Minnesota,45
2017,5,Mississippi,3
2017,5,Missouri,18
2017,5,Montana,1
2017,5,Nebraska,4
2017,5,Nevada,143
2017,5,New Jersey,195
2017,5,New York,234
2017,5,North Carolina,59
2017,5,Ohio,44
2017,5,Oklahoma,6
2017,5,Oregon,32
2017,5,Pennsylvania,61
2017,5,Rhode Island,16
2017,5,South Carolina,20
2017,5,South Dakota,6
2017,5,Tennessee,10
2017,5,Texas,127
2017,5,Utah,11
2017,5,Vermont,12
2017,5,Virginia,62
2017,5,Washington,46
2017,5,West Virginia,9
2017,5,Wisconsin,20
2017,6,Alabama,12
2017,6,Alaska,10
2017,6,Arizona,60
2017,6,Arkansas,5
2017,6,California,129
2017,6,Colorado,65
2017,6,Connecticut,27
2017,6,Florida,135
2017,6,Georgia,137
2017,6,Hawaii,12
2017,6,Idaho,2
2017,6,Illinois,472
2017,6,Indiana,18
2017,6,Iowa,5
2017,6,Kansas,3
2017,6,Kentucky,12
2017,6,Louisiana,56
2017,6,Maine,20
2017,6,Maryland,151
2017,6,Massachusetts,270
2017,6,Michigan,61
2017,6,Minnesota,48
2017,6,Mississippi,2
2017,6,Missouri,39
2017,6,Montana,1
2017,6,Nebraska,15
2017,6,Nevada,101
2017,6,New Hampshire,6
2017,6,New Jersey,237
2017,6,New York,159
2017,6,North Carolina,72
2017,6,North Dakota,1
2017,6,Ohio,43
2017,6,Oklahoma,8
2017,6,Oregon,29
2017,6,Pennsylvania,92
2017,6,Rhode Island,19
2017,6,South Carolina,15
2017,6,South Dakota,2
2017,6,Tennessee,28
2017,6,Texas,296
2017,6,Utah,18
2017,6,Vermont,8
2017,6,Virginia,143
2017,6,Washington,47
2017,6,Wisconsin,31
2017,6,Wyoming,1
2017,7,Alabama,10
2017,7,Alaska,10
2017,7,Arizona,68
2017,7,Arkansas,2
2017,7,California,113
2017,7,Colorado,124
2017,7,Connecticut,26
2017,7,Florida,147
2017,7,Georgia,71
2017,7,Hawaii,12
2017,7,Idaho,3
2017,7,Illinois,667
2017,7,Indiana,24
2017,7,Iowa,14
2017,7,Kansas,17
2017,7,Kentucky,21
2017,7,Louisiana,37
2017,7,Maine,23
2017,7,Maryland,126
2017,7,Massachusetts,173
2017,7,Michigan,69
2017,7,Minnesota,55
2017,7,Mississippi,4
2017,7,Missouri,39
2017,7,Montana,2
2017,7,Nebraska,22
2017,7,Nevada,94
2017,7,New Hampshire,6
2017,7,New Jersey,316
2017,7,New York,225
2017,7,North Carolina,170
2017,7,North Dakota,5
2017,7,Ohio,42
2017,7,Oklahoma,5
2017,7,Oregon,22
2017,7,Pennsylvania,130
2017,7,Rhode Island,21
2017,7,South Carolina,22
2017,7,South Dakota,6
2017,7,Tennessee,37
2017,7,Texas,223
2017,7,Utah,19
2017,7,Vermont,13
2017,7,Virginia,164
2017,7,Washington,37
2017,7,West Virginia,3
2017,7,Wisconsin,40
2017,7,Wyoming,8
2017,8,Alabama,51
2017,8,Alaska,13
2017,8,Arizona,143
2017,8,Arkansas,19
2017,8,California,264
2017,8,Colorado,209
2017,8,Connecticut,20
2017,8,Florida,172
2017,8,Georgia,184
2017,8,Hawaii,21
2017,8,Idaho,6
2017,8,Illinois,462
2017,8,Indiana,32
2017,8,Iowa,10
2017,8,Kansas,17
2017,8,Kentucky,28
2017,8,Louisiana,139
2017,8,Maine,30
2017,8,Maryland,254
2017,8,Massachusetts,191
2017,8,Michigan,74
2017,8,Minnesota,77
2017,8,Mississippi,30
2017,8,Missouri,93
2017,8,Montana,3
2017,8,Nebraska,38
2017,8,Nevada,206
2017,8,New Hampshire,16
2017,8,New Jersey,382
2017,8,New York,195
2017,8,North Carolina,115
2017,8,North Dakota,4
2017,8,Ohio,59
2017,8,Oklahoma,36
2017,8,Oregon,29
2017,8,Pennsylvania,118
2017,8,Rhode Island,23
2017,8,South Carolina,30
2017,8,South Dakota,2
2017,8,Tennessee,88
2017,8,Texas,206
2017,8,Utah,55
2017,8,Vermont,13
2017,8,Virginia,172
2017,8,Washington,94
2017,8,West Virginia,6
2017,8,Wisconsin,42
2017,8,Wyoming,3
2017,9,Alabama,42
2017,9,Alaska,8
2017,9,Arizona,96
2017,9,Arkansas,6
2017,9,California,235
2017,9,Colorado,156
2017,9,Connecticut,88
2017,9,Florida,1304
2017,9,Georgia,1082
2017,9,Hawaii,8
2017,9,Idaho,4
2017,9,Illinois,301
2017,9,Indiana,40
2017,9,Iowa,7
2017,9,Kansas,7
2017,9,Kentucky,21
2017,9,Louisiana,148
2017,9,Maine,8
2017,9,Maryland,284
2017,9,Massachusetts,287
2017,9,Michigan,167
2017,9,Minnesota,69
2017,9,Mississippi,21
2017,9,Missouri,77
2017,9,Montana,1
2017,9,Nebraska,11
2017,9,Nevada,190
2017,9,New Hampshire,10
2017,9,New Jersey,372
2017,9,New York,377
2017,9,North Carolina,300
2017,9,North Dakota,1
2017,9,Ohio,75
2017,9,Oklahoma,11
2017,9,Oregon,29
2017,9,Pennsylvania,214
2017,9,Rhode Island,44
2017,9,South Carolina,44
2017,9,Tennessee,94
2017,9,Texas,283
2017,9,Utah,31
2017,9,Vermont,4
2017,9,Virginia,248
2017,9,Washington,71
2017,9,West Virginia,4
2017,9,Wisconsin,31
2017,9,Wyoming,1
2017,10,Alabama,1
2017,10,Alaska,10
2017,10,Arizona,46
2017,10,California,108
2017,10,Colorado,52
2017,10,Connecticut,11
2017,10,Florida,85
2017,10,Georgia,23
2017,10,Hawaii,20
2017,10,Idaho,13
2017,10,Illinois,115
2017,10,Indiana,5
2017,10,Iowa,9
2017,10,Kansas,1
2017,10,Kentucky,10
2017,10,Louisiana,26
2017,10,Maine,7
2017,10,Maryland,31
2017,10,Massachusetts,90
2017,10,Michigan,27
2017,10,Minnesota,23
2017,10,Mississippi,1
2017,10,Missouri,23
2017,10,Montana,2
2017,10,Nebraska,1
2017,10,Nevada,43
2017,10,New Hampshire,5
2017,10,New Jersey,152
2017,10,New York,135
2017,10,North Carolina,31
2017,10,North Dakota,1
2017,10,Ohio,20
2017,10,Oregon,55
2017,10,Pennsylvania,21
2017,10,Rhode Island,13
2017,10,South Carolina,12
2017,10,South Dakota,1
2017,10,Tennessee,12
2017,10,Texas,30
2017,10,Utah,20
2017,10,Vermont,12
2017,10,Virginia,29
2017,10,Washington,71
2017,10,West Virginia,1
2017,10,Wisconsin,8
2017,11,Alabama,2
2017,11,Alaska,18
2017,11,Arizona,14
2017,11,California,74
2017,11,Colorado,20
2017,11,Connecticut,3
2017,11,Florida,35
2017,11,Georgia,12
2017,11,Hawaii,13
2017,11,Idaho,6
2017,11,Illinois,50
2017,11,Indiana,2
2017,11,Iowa,1
2017,11,Kentucky,3
2017,11,Louisiana,11
2017,11,Maryland,16
2017,11,Massachusetts,29
2017,11,Michigan,23
2017,11,Minnesota,26
2017,11,Missouri,13
2017,11,Montana,2
2017,11,Nebraska,3
2017,11,Nevada,28
2017,11,New Hampshire,1
2017,11,New Jersey,26
2017,11,New York,10
2017,11,North Carolina,5
2017,11,Ohio,4
2017,11,Oklahoma,4
2017,11,Oregon,20
2017,11,Pennsylvania,12
2017,11,Rhode Island,3
2017,11,South Carolina,3
2017,11,South Dakota,1
2017,11,Tennessee,10
2017,11,Texas,6
2017,11,Utah,17
2017,11,Virginia,16
2017,11,Washington,76
2017,11,Wisconsin,2
2017,12,Alabama,23
2017,12,Alaska,22
2017,12,Arizona,31
2017,12,Arkansas,10
2017,12,California,87
2017,12,Colorado,70
2017,12,Connecticut,22
2017,12,Florida,61
2017,12,Georgia,1489
2017,12,Hawaii,8
2017,12,Idaho,5
2017,12,Illinois,164
2017,12,Indiana,23
2017,12,Iowa,8
2017,12,Kansas,7
2017,12,Kentucky,17
2017,12,Louisiana,86
2017,12,Maine,6
2017,12,Maryland,100
2017,12,Massachusetts,95
2017,12,Michigan,109
2017,12,Minnesota,81
2017,12,Mississippi,10
2017,12,Missouri,44
2017,12,Montana,8
2017,12,Nebraska,19
2017,12,Nevada,62
2017,12,New Hampshire,6
2017,12,New Jersey,81
2017,12,New York,36
2017,12,North Carolina,45
2017,12,North Dakota,4
2017,12,Ohio,31
2017,12,Oklahoma,17
2017,12,Oregon,35
2017,12,Pennsylvania,42
2017,12,Rhode Island,17
2017,12,South Carolina,21
2017,12,South Dakota,3
2017,12,Tennessee,37
2017,12,Texas,79
2017,12,Utah,34
2017,12,Vermont,5
2017,12,Virginia,65
2017,12,Washington,47
2017,12,West Virginia,8
2017,12,Wisconsin,26
2017,12,Wyoming,5
